{"cameraMode":{"drawMode":0,"name":"Shaded","section":"Shading Mode"},"sceneLighting":false,"audioPlay":false,"sceneViewState":{"showFog":true,"showMaterialUpdate":false,"showSkybox":true,"showFlares":true,"showImageEffects":true,"showParticleSystems":true},"in2DMode":false,"pivot":{"x":285.8963317871094,"y":457.5014953613281,"z":0.0},"rotation":{"x":0.3200675845146179,"y":0.007100571412593126,"z":-0.0024018518161028625,"w":0.9473651051521301},"size":198.58998107910157,"orthographic":false}