{"cameraMode":{"drawMode":0,"name":"Shaded","section":"Shading Mode"},"sceneLighting":false,"audioPlay":false,"sceneViewState":{"showFog":true,"showMaterialUpdate":false,"showSkybox":true,"showFlares":true,"showImageEffects":true,"showParticleSystems":true},"in2DMode":false,"pivot":{"x":78.45619201660156,"y":58.90854263305664,"z":148.20022583007813},"rotation":{"x":0.1253182739019394,"y":0.6468857526779175,"z":-0.10892149060964585,"w":0.7442918419837952},"size":24.552701950073243,"orthographic":false}